{
  "mean_ratio": 1.615159656923756,
  "std_ratio": 2.220446049250313e-16,
  "target_phi": 1.618033988749895,
  "deviation": 0.0028743318261388318,
  "relative_error_percent": 0.17764347634993513,
  "passes": true,
  "tolerance": 0.01,
  "n_runs": 5,
  "all_ratios": [
    1.6151596569237563,
    1.6151596569237563,
    1.6151596569237563,
    1.6151596569237563,
    1.6151596569237563
  ],
  "mean_I_AB": 2.762857677965801,
  "mean_I_BC": 1.710578682498768,
  "parameters": {
    "AB_coupling": 0.556,
    "BC_coupling": 0.456,
    "n_qubits_per_region": 3
  }
}